Source_Set,Extraction_Date,Document_ID,Short_Citation,Full_Citation,Document_Type,Document_Language,Outbreak_ID,Virus_Reported,Outbreak_Start_Year,Outbreak_End_Year,Country,Region,Village,Index_Identified,Index_ID_Date,Index_Case_Def,Index_Symptoms,Index_Exposures,Index_Reporting,Primary_Case_Identified,Primary_ID_Date,Primary_Case_Definition,Primary_Case_Demographics,Primary_Case_Symptoms,Primary_Case_Exposure_History,Known_Spillover,Spillover_Details,First_Healthcare_Contact,Date_HC_Contact,Initial_Diagnosis,Nosocomial_Spread,Nosocomial_Spread_Details,Source_Initial_Outbreak_Report,Reported_To,Date_Initial_Outbreak_Report,Outbreak_Declared_Date,Reporting_System_Code,Key_Observations_Signals,Challenges_Early_Detection_Reporting,Existing_VHF_Surveillance_System_Described,Surveillance_Methods_Details,Existing_Gaps,Total_Cases_Reported,Total_Deaths_Reported,CFR_Reported,Methods_Limitations,Notes
E,2025-07-09,EB_Hulseberg,"(Hulseberg et al., 2021)","(Hulseberg et al., 2021)","Journal Article, Molecular Genetics",English,EB_DRC_2012,Bundibugyo virus (BDBV),2012,2012,Democratic Republic of the Congo,Haut-Uele,Isiro,Yes,NA,PCR-Confirmed,NA,"contact with ill, funeral attendance, bat exposure",clinic,No,NA,NA,NA,NA,NA,Potential,NA,clinic nurse fell ill,2012-06-28,BDBV,Yes,NA,Hospital,NA,NA,NA,1,NA,NA,NA,NA,NA,38 (lab-confirmed),13,34%,"""The lack of available complete BDBV genome sequences led to greater uncertainty of phylogenetic estimations.""",NA
E,2025-07-09,EB_Kratz,"(Kratz et al., 2015)","(Kratz et al., 2015)","Journal Article, Clinical",English,EB_DRC_2012,Bundibugyo virus (BDBV),2012,2012,Democratic Republic of the Congo,Haut-Uele,Isiro,Yes,2012-08-16,PCR-Confrimed,NA,NA,NA,No,NA,NA,NA,NA,NA,NA,NA,"suspicious deaths reported, including healthcare workers",NA,unknown illness,Yes,NA,Hospital,MSF,2012-08-02,NA,NA,"four patients died of unknown causes in Isiro, suspected EVD",NA,NA,NA,NA,42 (confirmed and probable),28 (confirmed and probable),54%,NA,NA
E,2025-07-09,EB_Epelboin,"(Epelboin, 2014)","(Epelboin, 2014)","Outbreak anthropolgy report, CNRS-MNHN",French,EB_DRC_2012,Bundibugyo virus (BDBV),2012,2012,Democratic Republic of the Congo,Haut-Uele,Isiro,Yes,NA,NA,NA,"potnetial contact with bats at mango points, palm-wine tapping",Clinic,No,NA,NA,NA,NA,NA,Potential,theoretical contact between mango and fruit bats or palm sap contact,clinic nurse fell ill,NA,NA,Yes,"""L'importance de l'infection nosocomiale dans cette épidémie (13 agents de santé, 12 garde-malades et 3 malades hospitalisés compagnons de chambre d'une personne infectée) souligne les lacunes de la lutte contre l'infection dans les structures de soins de la zone de santé d'Isiro et dans la RDC de façon générale.""",Clinic,NA,NA,NA,1,case cluster within hospital,"On October 9th, a doctor and village chief from the village (Nangazizi) 45 km away reported that there had been a cluster of deaths >20 back in March (20th). This points to an underdeveloped communications system between healthcare sectors as well as at and international level. Ideally, the first outbreak (maybe the beginning of this one) would have been caught, and stopped. Even if this had not occurred, it would have been best if there was an alert sent out to other physicians that that a VHF was present and to be on the look-out for patients presenting with such symptoms. Furthermore: ""Il semble aussi qu'il y ait eu des décès dans les villages de Bagola et de Mambugui, villages des parents du cas resté longtemps index d'Isiro, l'infirmière de la clinique des chemins de fer.""",NA,NA,Issues surrounding unreported/hidden hunting of bushmeat due to hunting bans imposed by the state and epidemic threats,NA,NA,NA,relies on interviews and memories from about 6 months post-outbreak,Rumors of unexplained deaths of wild and domestic animals approx. 65km from Isiro in September.
E,2025-07-09,EB_MacNeil,"(MacNeil et al., 2010)","(MacNeil et al., 2010)",Journal Article,English,EB_DRC_2007,Bundibugyo virus (BDBV),2007,2008,Uganda,Bundibugyo District,NA,NA,NA,NA,NA,NA,NA,NA,NA,NA,NA,NA,NA,NA,NA,NA,NA,NA,NA,NA,NA,NA,NA,NA,NA,NA,NA,NA,NA,NA,56 (lab-confirmed),17,40%,"""the lower
proportion of deaths in this outbreak is an artifact of dif-
ferences in the severity of laboratory-confi rmed cases de-
tected through outbreak surveillance or the quality of care
received by hospitalized laboratory-confi rmed EHF case-
patients in Bundibugyo District""",NA
E,2025-07-10,EB_Wamala,"(Wamala et al., 2010)","(Wamala et al., 2010)",Journal Article,English,EB_DRC_2007,Bundibugyo virus (BDBV),2007,2008,Uganda,Bundibugyo District,"Kasitu, Bundibugyo town council,
Bubukwanga, and Busaru",Yes,NA,putatuve,"fever and generalized weakness, early delivery, diarrhea and difficulty breathing - no hemorrhaging","hunting spears found in home, but hubting was denied",to UMOH,NA,NA,NA,NA,NA,NA,NA,NA,index case as described,2007-08-01,febrile illness,Yes,14 healthcare workers became ill,physician/hospital,Uganda Ministry of Health,NA,NA,1,20 deaths reported,"lack of lab capacity for testing of early suspected cases, hunting in Semliki National park was illegal so families would not admit to hunting wildlife there",No,active case-finding,NA,116 (confimed and probable),39 (confirmed and probable),34%,NA,hunting of wildlife from park highly likely
E,2025-07-11,EB_MacNeil_2,"(MacNeil et al., 2011)","(MacNeil et al., 2011)",Journal Article,English,EB_DRC_2007,Bundibugyo virus (BDBV),2007,2008,Uganda,Bundibugyo District,NA,Yes,2007-08-20,NA,NA,NA,to UMOH,NA,NA,NA,NA,NA,NA,NA,NA,index case as described,NA,NA,Yes,NA,physicians,UMOH,NA,NA,1,"large cluster of deaths, likely associated with deth of prominent community member and his funeral",three-month lag between the initial cases and the ID and response led to transmission,very poor communication betweeen,NA,NA,"131 (suspect, probable, confirmed)",NA,NA,NA,NA
E,2025-07-13,ES_Deng,"(Den et al., 1978)","(Den et al., 1978)",Outbreak Report,English,ES_S_1976,Sudan virus (SUDV),1976,1976,Sudan,NA,"Nzara, Maridi, Tembura, Juba",Yes,NA,first healthcare contact,"""severe febrile illness, headache, and chest pains. He
developed haemorrhagic manifestations on the fifth
day of illness with profuse bleeding from the nose
and mouth, and bloody diarrhoea. ""","working in cotton factory, both bats and rodents present",Nzara hospital,NA,NA,NA,NA,NA,NA,Likely,NA,index case admitted to hospital,1976-06-27,NA,Yes,"""At least one-third of
the staff of Maridi hospital had the disease and 41
staff members died. All of the 6 medical assistants
were infected and 41 % of the student nurses. Before
the disease was recognized, most wards of the hospital had haemorrhaging patients in them, and at the
height of the epidemic the hospital was in chaos.""",Nzara hospital,Sudanese Government,NA,NA,1,"multiple deaths of factory workers, mentions that Marburg virus was brought to mind due to similar symptoms",NA,NA,NA,NA,284,151,53%,NA,"""The concentration of apparently primary cases suggested that infection was acquired by these workers at their place of employment, either from direct or indirect animal contact."""
E,2025-07-13,ES_Bres,"(Bres, 1978)","(Bres, 1978)",Introduction,English,ES_S_1976,Sudan virus (SUDV),1976,1976,Sudan,NA,"Nzara, Maridi, Tembura, Juba",NA,NA,NA,NA,NA,NA,NA,NA,NA,NA,NA,NA,Likely,NA,NA,NA,Typhoid fever,NA,NA,NA,NA,NA,NA,NA,NA,NA,NA,NA,NA,NA,NA,NA,NA,NA
E,2025-07-13,ES_MMWR,"(MMWR, 1979)","(MMWR, 1979)",MMWR,English,ES_S_1979,Sudan virus (SUDV),1979,1979,Sudan,NA,Yambio-Nzara,Yes,NA,NA,NA,undetermined,Hospital,NA,NA,NA,NA,NA,NA,NA,NA,index case admitted to hospital,1979-08-02,NA,Yes,"spread to nurses, other patients",Nzara hospital,Sudanese Ministry of Health,NA,NA,1,clusters of death in hospital,NA,NA,NA,NA,34,22,65,NA,NA
E,2025-07-13,ES_Baron,"(Baron et al.,1983)","(Baron et al.,1983)",Bulletin,English,ES_S_1979,Sudan virus (SUDV),1979,1979,Sudan,NA,Yambio-Nzara,Yes,NA,NA,NA,NA,Hospital,NA,NA,NA,NA,NA,NA,NA,NA,index case admitted to hospital,1979-08-02,NA,Yes,nurses and within wards,Nzara hospital,Sudanese Ministry of Health,NA,NA,1,NA,diagnosis is difficult(non-specificity) and often not considered by physicians unless there are multiple concurrent/successive cases,NA,NA,NA,NA,NA,55,NA,NA
E,2025-07-14,ES_WER,"(Viral Haemorrhagic Fever Surveillance., 1979)","(Viral Haemorrhagic Fever Surveillance., 1979)",WER,English and French,ES_S_1979,Sudan virus (SUDV),1979,1979,Sudan,NA,Yambio-Nzara,Yes,NA,NA,NA,NA,hospital,NA,NA,NA,NA,NA,NA,NA,NA,NA,NA,NA,Yes,"transmitted to nurses, patient, and visitor",NA,NA,NA,NA,NA,NA,NA,NA,NA,NA,NA,NA,NA,NA,NA
E,2025-07-14,ES_Borchert,"(Borchert et al., 2011)","(Borchert et al., 2011)",Journal Article,English,ES_S_2000,Sudan virus (SUDV),2000,2000,Uganda,NA,Masindi,Yes,NA,NA,NA,NA,Lacor hospital,NA,NA,NA,NA,NA,NA,NA,NA,NA,NA,NA,Yes,"from index case, outside of ebola ward in Lacor hospital, subsiquent spread in healthcare workers in Masindi district when she returned home",NA,NA,NA,NA,NA,NA,NA,NA,NA,NA,26,18,69,NA,NA
E,2025-07-14,ES_Okware,"(Okware et al., 2002)","(Okware et al., 2002)",Journal Article,English,ES_S_2000,Sudan virus (SUDV),2000,2000,Uganda,Gulu,NA,No,NA,NA,NA,NA,NA,NA,NA,NA,NA,NA,NA,NA,NA,NA,NA,NA,Yes,nursing school,District Director of Health and Services of Gulu District,Uganda Ministry of Health,NA,NA,2,"""outbreak of an unusual and highly fatal disease characterized by fever and haemorrhagic manifestations""",NA,"""Non-medical workers were extensively used in a network of surveillance and public information.""","""organized community effort contributed significantly to containment measures""",NA,425,224,53,NA,NA
E,2025-07-14,ES_Oyok,"(Oyok et al., 2001)","(Oyok et al., 2001)",MMWR,English,ES_S_2000,Sudan virus (SUDV),2000,2000,Uganda,Gulu,NA,No,NA,NA,NA,NA,Saint Mary's Hospital superintendent,NA,NA,NA,NA,NA,NA,NA,NA,NA,NA,NA,Yes,NA,"""superintendent of St. Mary's Hospital in Lacor, and the District Director of Health
Services in the Gulu District""",Ministy of Helath in Kampala,NA,NA,NA,"""an outbreak of an unusual febrile illness with occasional hemorrhage and significant mortality""",NA,NA,NA,NA,425,225,53,NA,NA
E,2025-07-14,ES_Lamunu,"Lamunu et al., 2022)","Lamunu et al., 2022)",Journal Article,English,ES_S_2000,Sudan virus (SUDV),2000,2000,Uganda,Gulu,NA,No,NA,NA,NA,NA,Lacor Hosptial,NA,NA,NA,NA,NA,NA,NA,NA,NA,NA,Marburg or Ebola,Yes,"nurses, staff ill","community, MS of Lacor","Acting District Director of Health Services (Ag. DDHS), Gulu District",NA,NA,NA,"""Gulu District received two concurrent reports concerning an unusual illness and deaths in the community and at the Lacor Hospital, a non-governmental hospital. The report, originating from the community, attributed the illness and death to a poisoning at a funeral in the remote village of Rwot Obilo, in the far north of Gulu. The second report concurrently conveyed to both the Ag. DDHS and to the Ministry of Health (MoH), came from the Medical Superintendent (MS) of Lacor Hospital. He reported a clustering of cases and deaths, which included two dead student nurses and three others who were critically ill. Most of the cases in the hospital reported a history of deaths with similar manifestations in their households.""","""Community resource persons"" and professionals trained to indenitfy and control Ebola only AFTER outbreak declared.",No,"community-level alerts, suspect deaths",six-week delay in outbreak detection. Evidence of a weak surevillance system on low levels of healthcare system (healthcare workers/physicians). Community healthcare seeking behaviors may also play a role (traditional healers instead of hospitals). solution may be to involve communities in surveillance,425,224,52,NA,NA
E,2025-07-14,ES_WER,"(Outbreak of Ebola Haemorrhagic Fever in Yambio, South Sudan, April-June 2004., 2005)","(Outbreak of Ebola Haemorrhagic Fever in Yambio, South Sudan, April-June 2004., 2005)",WER,English and French,ES_S_2004,Sudan virus (SUDV),2004,2004,Sudan,NA,Yambio,Yes,NA,"""first patient was found to have fallen ill""",NA,anthropological interviews: family members report baboon hunting in forest 40km south of Yambio in DRC,Hopsital,"primary case is likely to be same as index case, though this is not proveable",NA,"first person to fall ill in outbreak, confirmed contact with monkey meat",NA,NA,NA,highly likely,"""index case had
been in contact with fresh monkey meat 5 days before the
onset of symptoms. It is highly probable that the index case
was infected with Ebola virus after exposure to baboon
meat.""",Yambio hospital,2004-04-15,"haemorrhagic fever, based on symptoms",Yes,two hospital staff from caring for sick patients,"""Medical staff at Yambio County Health Department and the coordinator of the Yambio WHO South Sudan Early Warning and Reponse Network (EWARN)""","EWARN team leader in Lokichoggio, Kenya",2004-05-06,2004-05-21,0,"cluster of seven suspected cases of haemorragic fever, including 2 deaths","concurrent measles outbreak made ID much more difficult to select cases for isolation and management, and also made diagnosis difficult at beginning and throughout outbreak",EWARN system,"need to look up EWARN, paper does not discuss",delay between cases and notificaiton,17,7,41,NA,"very likely spillover event, but paper does not mention any pther onehealth findings"
E,2025-07-14,ES_Shoemaker,"(Shoemaker et al., 2012)","(Shoemaker et al., 2012)",Journal Article,English,ES_U_2011,Sudan virus (SUDV),2011,2011,Uganda,Luwero,Nakisamata,Yes,NA,presented to hosptial,"""epistaxis, hematemesis, hematuria, and
conjunctival, gingival, and vaginal bleeding""","unknown, but many species of bats were found roosting in the schoolhouse 400 meters away from her home where she attended classes",Bombo Militaty Hospital,No,NA,NA,NA,NA,NA,possible,"exposure to bats around home and in classroom, ""This suggests that her exposure was zoonotic in nature
and must have occurred in the vicinity of her residence,
since her relatives reported that she did not travel. The fact
that an additional family member had serologic evidence
of an epidemiologically unrelated EBOV infection further
supports the notion that zoonotic exposures have occurred
in the vicinity of the case-patient's village.""",Bombo Military Hospital,2011-05-06,disseminated intravascualr coagulopathy with a functional platelet caused by possible viral haemorrhagic fever - DIAGNOSIS MADE BY ATTENDING PHYSICIAN,No,NA,"Attending physician, Bombo Hopsital",NA,NA,NA,1,symtoms and rapid lab testing,NA,No,Active physician surveillance,"if undetected/misdiagnosed by physician, could have been missed",1,1,100,NA,NA
E,2025-07-14,ES_de Vries,"(de Vries et al., 2016)","(de Vries et al., 2016)",Journal Article,English,ES_U_2012_2,Sudan virus (SUDV),2012,2012,Uganda,Luwero,Kakute,Yes,NA,presented to hospital army center,NA,NA,not reported,NA,NA,NA,NA,NA,NA,NA,NA,hospital at local army barracks,2012-10-20,"malaria, later Marburg",Yes,healthcare staff,healthcare staff at Bombo military hospital,Ministy of Helath in Kampala,NA,2012-11-16,1,NA,NA,NA,NA,NA,7,4,NA,NA,NA
E,2025-07-17,ES_Kiggundu,"(Kiggundu et al., 2022)","(Kiggundu et al., 2022)",MMWR,English,ES_U_2022,Sudan virus (SUDV),2022,2022,Uganda,Madudu,Mubende,Yes,NA,first healthcare contact,"""high fever, abdominal pain, diarrhea, chest pain, loss of appetite, dry cough,
bloody vomitus, and bleeding from the eyes""",no known exposures,Mubende Regional Referral Hospital (MRRH),NA,NA,NA,NA,NA,NA,NA,NA,index case admitted to Mubende Regional Referral Hospital,2022-09-16,VHF,No,NA,physicians at MRRH,Udanda National Public Health Emergency Operations Center and Uganda Virus Research Insitute VHF program,2022-09-17,2022-09-20,1,symptoms as presented at hospital,NA,NA,NA,NA,130,43,33,NA,NA
E,2025-07-17,ES_Musoke,"(Musoke and Bongomin, 2023)","(Musoke and Bongomin, 2023)",Journal Article,English,ES_U_2022,Sudan virus (SUDV),2022,2022,Uganda,Madudu,Mubende,Yes,NA,first to seek healthcare,"""chills and rigors and vomiting blood-stained vomitus, as well as passing blood in the stool""",NA,NA,NA,NA,NA,NA,NA,NA,NA,NA,NA,2022-09-15,VHF,NA,NA,NA,NA,NA,NA,NA,NA,NA,NA,NA,NA,142,56,39,NA,NA
E,2025-07-17,ES_Kabami,"(Kabami et al., 2024)","(Kabami et al., 2024)",Journal Article,English,ES_U_2022,Sudan virus (SUDV),2022,2022,Uganda,Madudu,"Mubende, Ngabano Village",Yes,NA,first to seek heathcare,NA,potentially neighbors,from hospital,Unknown,NA,NA,NA,NA,NA,NA,NA,Hospital,2022-09-15,NA,Yes,"43 healthcare associated infections, nearly 1 in 3 cases",NA,Ministy of Health,NA,2022-09-20,1,symptoms as presented at hospital,"non-specific symptoms, untrained and un-alerted physicians","""Since 2001, the Ministry of Health has been implementing Integrated Disease Surveillance and Response training to improve early detection and reporting of priority diseases. New versions of Integrated Disease Surveillance and Response are periodically released and re-training is conducted among subnational units.14 The third version of Integrated Disease Surveillance and Response began roll-out in 2021, but Mubende had not yet been trained at the time of the outbreak""",NA,"""It is also surprising that the family clusters with multiple fatal cases in August, 2022, went unreported by community health workers engaged in the event-based surveillance system.""",142,55,39,NA,NA
E,2025-07-17,ES_Aceng,"(Aceng et al., 2023)","(Aceng et al., 2023)",Journal Article,English,ES_U_2022,Sudan virus (SUDV),2022,2022,Uganda,Madudu,"Mubende, Ngabano Village",Yes,NA,first to seek healthcare,NA,potentially neighbors,NA,NA,NA,NA,NA,NA,NA,NA,NA,NA,NA,NA,NA,NA,NA,NA,NA,NA,1,NA,"co-circulation of Malaria, similar symptoms, leads to undetected cases: ""window of suspicion for Ebola among the care providers was compromised. They instead had a higher suspicion index for malaria than for Ebola""",NA,NA,NA,NA,NA,NA,NA,"cluster of previous community deaths; ""These probable cases were identified to have connections working in or around local mines where bats are known to live."""
E,2025-07-17,ES_Bwire,"(Bwire et al., 2023)","(Bwire et al., 2023)",Journal Article,English,ES_U_2022,Sudan virus (SUDV),2022,2022,Uganda,Madudu,Mubende,Yes,NA,NA,NA,NA,NA,NA,NA,NA,NA,NA,NA,NA,NA,NA,NA,NA,NA,NA,NA,NA,NA,NA,NA,NA,NA,NA,NA,NA,NA,NA,NA,NA,NA
E,2025-07-17,ES_Zalwango,"(Zalwango et al., 2024)","(Zalwango et al., 2024)",Journal Article,English,ES_U_2022,Sudan virus (SUDV),2022,2022,Uganda,Madudu,Mubende,Yes,NA,NA,NA,NA,NA,NA,NA,NA,NA,NA,NA,NA,NA,NA,NA,NA,NA,NA,NA,NA,NA,NA,1,NA,"""Seven major themes emerged from the qualitative interviews as gaps in surveillance that might have led to late detection of the outbreak: weak community-based surveillance, low suspicion index for VHF among health workers, lack of IDSR training, poor private sector involvement in surveillance, limited capacity for data analysis and utilization at the facility level, funding constraints, and lack of active mortality surveillance in the district.""",NA,private clinics are not required to/do not report as often as public clinics,"""Participants unanimously agreed that the community-based surveillance arm was non-functional (starting from sub-county level downwards) before the declaration of the outbreak. """,NA,NA,NA,NA,NA
E,2025-07-30,Zaire_Burke,"(Burke et al., 1978)","(Burke et al., 1978)",Journal Article,English,EZ_DRC_1976,Zaire ebolavirus (EBOV),1976,1976,Democratic Republic of the Congo,Equateur Region,Bumba Zone,Yes,NA,first to present at hospital,febrile illness,"unknown, tour of Mobaye_Bongo zone and possible consumption of raw meat",Yambuku Mission Hospital,No,NA,NA,NA,NA,NA,NA,NA,Yambuku Mission Hospital,1976-08-26,Malaria,Yes,it seems as though his outbreak initally spread at a hospital when many people fell ill following the receipt of injections at the hospital. 11 of 17 staff died,Dr. Ngoy of Bumba,Ministry of Health,NA,NA,1,"""Dr Ngoy of Bumba reviewed 17 cases. Concluded
it was an unknown disease.""","unknown disease, multiple misdiagnoses even by expert teams",Yes,poor surveillance systems,"lack of communcation between villages, healthcare centers, and ministry og health",318,280,88,NA,NA
E,2025-07-30,Zaire_Breman,"(Breman et al., 2016)","(Breman et al., 2016)",Journal Article,English,EZ_DRC_1976,Zaire ebolavirus (EBOV),1976,1976,Democratic Republic of the Congo,Equateur Region,Bumba Zone,Yes,NA,first to present at hospital,chills and fever,"""returned from a 2-week driving excursion... along the route, he purchased antelope and smoked monkey meat""",Yambuku Mission Hospital,"maybe, ""On 28 August 1976, an adult male was hospitalized on the medical ward at YMH with ""epistaxis, dysentery, and fever,"" recorded in the hospital register. This patient remained for 2 days and left without follow-up; he was unknown in the nearby village of Yandongi, listed as his residence.""",NA,NA,NA,NA,NA,NA,NA,Yambuku Mission Hospital,1976-08-26,malaria,Yes,"Five glass syringes and metal needles used at the outpatient department, inpatient medicine wards, and prenatal and village outreach clinics were used repeatedly without sterilization and only occasionally were rinsed. In early September, several dozen patients who had received injections at YMH developed a similar febrile hemorrhagic syndrome and died in about 1 week""","""he first national alert and response to the growing outbreak came from Ngoy Mushola, the chief medical officer of the Bumba Zone""",Ministry of Health,NA,NA,1,"cluster of cases revewed by Dr. Ngoy Mushola, 30 cases and 22 deaths all centered around the hospital","previously unknown disease, misdiagnosis",No,NA,"lack of communcation between villages, healthcare centers, and ministry og health",318,280,88,NA,NA
E,2025-07-30,Zaire_Heymann,"(Heymann et al., 1980)","(Heymann et al., 1980)",Journal Article,English,EZ_DRC_1977,Zaire ebolavirus (EBOV),1977,1977,Democratic Republic of the Congo,Congo Basin,Bonduni,Yes,NA,first to present at hospital,"fever, abdominal pain, hematemesis",NA,Tandala Mission Hospital,NA,NA,NA,NA,NA,NA,Likely,NA,Tandala Mission Hospital,NA,"haemorrgic fever, immediate isolation",No,NA,physicians at Tandala Mission Hopsital,Ministry of Health,NA,NA,1,suspicion based on symptoms,NA,NA,"previous cases of Ebola had healthcare workers on the lookout for similar symptoms, the previous epidemic terminated only 6 months prior",NA,1,1,100,NA,NA
E,2025-07-30,Zaire_Khan,"(Khan et al., 1998)","(Khan et al., 1998)",Journal Article,English,EZ_DRC_1995,Zaire ebolavirus (EBOV),1995,1995,Democratic Republic of the Congo,NA,Kikwit,Yes,NA,first to present at hospital,"fever, pain, suspected thyphoid","unknown, but potentially occupational",Kikwit General Hospital,Unknown,NA,NA,NA,NA,NA,NA,NA,Kikwit General Hospital,NA,typhoid,Yes,amoung hospital staff from patients,"""
unusual nature of these cases was recognized independently at
Kikwit II Maternity and Kikwit General Hospitals and two
other regional health facilities that managed these patients and
their subsequent contacts.""",CDC,NA,1995-05-09,NA,"""nosocomial cluster was
identified at Kikwit General Hospital among the operating room
staff who participated in a surgical procedure on a laboratory
technician employed at Kikwit II Maternity Hospital""","""Not unexpectedly, surveillance activities proved extremely
difficult. Initial case counts were based on nonsystematic re-
ports from various hospitals, clinics, and private individuals.
Reports of cases and deaths often conflicted from day to day.
Because no public health surveillance system existed within
Kikwit or its environs, one had to be constructed de novo by
using a patchwork of paid and unpaid volunteers with various
levels of skill, experience, background, and tenure. The foreign
members of the international commission were just as diverse,
and the problem was compounded by language and cultural
differences. Surveillance was hindered by many logistic diffi-
culties, including the lack of transportation and telephones. It
was also hampered by confounding societal forces that led to
concealment and denial of cases to avoid the social stigmata
that rapidly became attached to those with the disease and to
the contradictory reporting of noncases in the belief that this
could lead to some tangible benefit for the afflicted family or
village or reporte""",Yes,"rumor surveillance, both formal and informal.",NA,315,NA,NA,NA,NA
E,2025-07-30,Zaire_Anonymous,"(Anonymous, 1995)","(Anonymous, 1995)",Journal Article,English,EZ_DRC_1995,Zaire ebolavirus (EBOV),1995,1995,Democratic Republic of the Congo,Bandundu,Kikwit,Yes,NA,first to present at hospital,NA,NA,Kikwit General Hospital,NA,NA,NA,NA,NA,NA,NA,NA,Kikwit General Hospital,NA,NA,Yes,NA,NA,NA,NA,NA,NA,NA,NA,NA,NA,NA,296,NA,NA,NA,NA
E,2025-07-30,Zaire_Muyembe-Tamfum,"(Muyembe-Tamfum et al., 1999)","(Muyembe-Tamfum et al., 1999)",Journal Article,English,EZ_DRC_1995,Zaire ebolavirus (EBOV),1995,1995,Democratic Republic of the Congo,NA,Kikwit,Yes,NA,first to present at hospital,a suspected perforated bowel after protracted fever,likely occupatinal,Kikwit General Hospital,probable,NA,probzble/suspected,"charcoal maker, became ill in early january 1995, introduced to maternity unit",NA,NA,NA,NA,Kikwit General Hospital,NA,"typhoid. Other cases were thought to be shigella, of which an outbreak was ongoing",Yes,"The EBO epidemic was recognized because of a nosocomial
outbreak at Kikwit General Hospital""","""On 27 April 1995, the director of Kikwit General Hospital
sent an alarming message to one of the authors (JJM-T) about
an outbreak of bloody diarrhea that had already caused several
deaths. On 28 April, in response to the alert, a laboratory
technician from Kinshasa, DRC, was sent to Kikwit with labo-
ratory supplies and reagents (table 1). On 29 April, the Diocese
of Kikwit also sent an emergency message regarding the out-
brea""",CDC,1995-05-04,1995-05-08,NA,large hospital outbreak,"very poor access, needed to use sat phones for communication, "" difficult to make a correct clinical diagnosis of EHF durin
the early phase of the epidemic because the signs and symptom
are not specific""",No,NA,"lack of lab facilities, ties."" In addition, EBO disease
is not well known to health care personnel, and an outbreak
of EBO was unsuspected in the savanna area, which is distant
and ecologically distinct from the forests around Yambuku""",317,245,77,NA,NA
E,2025-07-30,Zaire_Grard,"(Grard et al., 2011)","(Grard et al., 2011)",Journal Article,English,"EZ_DRC_2007, EZ_DRC_2008",Zaire ebolavirus (EBOV),2007,2008,Democratic Republic of the Congo,"Kasi Occidental, Luebo",Luebo,NA,NA,NA,NA,NA,NA,NA,NA,NA,NA,NA,NA,Probably,"Authors conclude 2007 likely reflected independent viral emergence, with bat-linked spillover; 2008 likely local persistence / re-emergence",NA,NA,NA,NA,NA,NA,NA,NA,NA,NA,NA,NA,NA,NA,NA,NA,NA,NA,NA,Very likely spillover event
E,2025-07-30,Zaire_Leroy,"(Leroy et al., 2009)","(Leroy et al., 2009)",Journal Article,English,EZ_DRC_2007,Zaire ebolavirus (EBOV),2007,2007,Democratic Republic of the Congo,Occidental kasai,luebo and mweka,Yes,NA,linked to many other cases,consistent with VHF,NA,NA,probable,NA,probable/suspected,"""an inhabitant of Bamoukamba 2 village (patient C; Fig. 2), who was not a hunter, had regularly bought bats at Mombo Mounene 2 market, as he did every year. He had been 727in direct contact with the blood of the bats he had bought.""",NA,NA,very likley,bat blood,NA,2007-08-22,NA,No,NA,NA,NA,2007-08-22,2007-09-10,NA,positive serology after many suspect deaths,"""extreme inaccessibility of the affected area delayed the detection of the outbreak and the mobilization of control teams""",No,NA,NA,264,186,70.5,NA,"yes, bat spillover from hunting and eating bats"
E,2025-08-01,Zaire_Grard,"(Grard et al., 2011)","(Grard et al., 2011)",Journal Article,English,EZ_DRC_2008,Zaire ebolavirus (EBOV),2008,2009,Democratic Republic of the Congo,Kasi Occidental,Luebo,Yes,NA,NA,NA,NA,local hospital,No,NA,NA,NA,NA,NA,NA,NA,local hospital,NA,NA,Yes,to nurses,NA,NA,NA,NA,NA,NA,NA,NA,NA,NA,32,15,47,NA,NA
E,2025-08-01,Zaire_Maganga,"(Maganga et al., 2014)","(Maganga et al., 2014)",Journal Article,English,EZ_DRC_2014,Zaire ebolavirus (EBOV),2014,2014,Democratic Republic of the Congo,Equateur Province,Boende town,Yes,NA,linked to deaths of healthcare workers,NA,"""butchered a monkey (of an unknown arboreal species) that had been found dead by her husband""",Watsi Kengo Health area,Yes,NA,"Yes, same as index","Yes, same as index","Yes, same as index","Yes, same as index",extremely likely,contact with monkey meat,Watsi Kengo Health area,NA,NA,Yes,to physicians/nurses preforming a post-mortem ceasarian section,NA,WHO,NA,2014-08-24,NA,NA,NA,NA,NA,NA,69,49,71,NA,butchering meat from a dead monkey
E,2025-08-01,Zaire_Nanclares,"(Nanclares et al., 2016)","(Nanclares et al., 2016)",Journal Article,English,EZ_DRC_2014,Zaire ebolavirus (EBOV),2014,2014,Democratic Republic of the Congo,Equateur Province,Boende town,Yes,NA,linked to deaths of healthcare workers,NA,butchered a monkey,Watsi Kengo Health area,NA,NA,NA,NA,NA,NA,extremely likely,contact with monkey meat,Watsi Kengo Health area,NA,NA,Yes,to physicians/nurses preforming a post-mortem ceasarian section,NA,WHO,2014-08-18,2014-08-24,NA,NA,NA,NA,NA,NA,66,49,74.2,NA,NA
E,2025-08-01,Zaire_Nsio,"(Nsio et al., 2020)","(Nsio et al., 2020)",Journal Article,English,EZ_DRC_2017,Zaire ebolavirus (EBOV),2017,2017,Democratic Republic of the Congo,Bas Uele Province,Likati District,Yes,NA,first to present at hospital,consistant with VHF,contact with bush meat,Likati health facilites,NA,NA,NA,NA,NA,NA,extremely likely,""" hunter brought back carcasses of a wild boar and a nonhuman primate to the village of the index case. The index case butchered the wild boar, while the nonhuman primate was brought to and sold at the local market.""",Likati health facility,NA,VHF,No,only spread to family caregivers,"""local nurse in Likati regarding a possible case of EBOV infection""",DRC Ministry of Health,2017-04-07,2017-05-12,NA,nurse recognized signs and symptoms,NA,Yes,healthcare systems on alert following pior outbreaks and the WeatAfrican Ebola oubtreak,NA,8,4,50,NA,direct spillover from infected bushmeat
E,2025-08-01,Zaire_Grimes,"(Grimes et al., 2020)","(Grimes et al., 2020)",Journal Article,English,EZ_DRC_2017,Zaire ebolavirus (EBOV),2017,2017,Democratic Republic of the Congo,Bas Uele Province,Likati District,Yes,NA,NA,NA,NA,NA,NA,NA,NA,NA,NA,NA,NA,NA,Likati health facility,NA,VHF,No,NA,NA,DRC Ministry of Health,NA,2017-05-11,NA,NA,NA,NA,NA,"""geographic and sociopolitical factors renders timely detection and reporting of epidemic-prone diseases difficult""",NA,NA,NA,NA,NA
E,2025-08-01,Zaire_Hemingway-Foday,"(Hemingway_Foday et al., 2020)","(Hemingway_Foday et al., 2020)",Journal Article,English,EZ_DRC_2020,Zaire ebolavirus (EBOV),2020,2020,Democratic Republic of the Congo,Bas Uele Province,Likati District,Yes,NA,first to present at hospital,NA,NA,NA,NA,NA,NA,NA,NA,NA,NA,NA,NA,NA,NA,NA,NA,NA,DRC Ministry of Health,NA,NA,NA,NA,"""unique challenges that contributed to the delayed detection and reporting of the index case, including acute
infrastructural deficiencies, an under-resourced health
system, and geographic isolation from the capital city of
Kinshasa""",Yes,"poor infrastructure, no pre-surveillance for VHFs other than individual healthcare workers","""At the health-center level,
there were no health workers with post-baccalaureate
education, and tools and equipment were insufficient
for primary care provision and disease surveillance.""",8,4,50,NA,NA
E,2025-08-07,Zaire_Ahuka-Mundeke_,"(Ahuka-Mundeke et al., 2018)","(Ahuka-Mundeke et al., 2018)",Journal Article,English,EZ_DRC_2018,Zaire ebolavirus (EBOV),2018,2018,Democratic Republic of the Congo,Equateur Province,NA,No,NA,NA,NA,NA,NA,No,NA,NA,NA,NA,NA,NA,NA,NA,NA,NA,Yes,at least 5 healthcare workers,Health Division Equateur Province,DRC Ministry of Health,2018-05-03,2018-05-08,NA,"large group of cases with VHF signs, communiy deaths","infrastructure challenges as outbreak sites were remote, hard to follow people, absence of communication for case-reporting",No,NA,"no transportation, communication, trained staff, etc",50,25,56,NA,NA
E,2025-08-07,Zaire_Shears,"(Shears and Garavan, 2020)","(Shears and Garavan, 2020)",Journal Article,English,EZ_DRC_2018_2,Zaire ebolavirus (EBOV),2018,2019,Democratic Republic of the Congo,North Kivu,NA,No,NA,cluster of cases identified,NA,NA,NA,"""Neither the primary source nor the index case for the outbreak have been established, but it is assumed that eating of bush meat and local family and community spread, through contact with symptomatic cases and traditional funerals, occurred before the first reported and diagnosed cases in Mabalako Health Zone of North Kivu province in late July 2018.""",NA,NA,NA,NA,NA,NA,NA,NA,NA,NA,Yes,NA,North Kivu Province Health authority,DRC Ministry of Health,2018-07-28,2018-08-01,NA,"large group of cases with VHF signs, communiy deaths","""he lack of developed infrastructure and the ongoing insecurity made this a difficult and complex process""",No,NA,"""Since March 2019, increased activity of militia groups, increasing political uncertainty, and direct attacks on the Ebola response programme, have had a major effect on the functioning of the health teams. Treatment centres have had to be evacuated, and the work of community outbreak teams and contact tracing interrupted. This is resulting in lack of treatment of known cases, but more importantly, inability to locate new cases and their contacts, leading to increased and unreported transmission.""",3262,2232,66,NA,NA
E,2025-08-07,Zaire_Kalenga,"(Kalenga et al., 2019)","(Kalenga et al., 2019)",Journal Article,English,EZ_DRC_2018_2,Zaire ebolavirus (EBOV),2018,2020,Democratic Republic of the Congo,North Kivu,NA,No,NA,"""After investigation of a cluster of cases of acute
hemorrhagic fever in Mangina village in the
Malabako rural health zone in North Kivu, the
outbreak was reported by the North Kivu Provincial Health authority""",NA,NA,NA,NA,NA,NA,NA,NA,NA,NA,NA,NA,NA,NA,Yes,"""In late July 2018,
nosocomial transmission within health centers
amplified the outbreak, prompting detection and
spread of the outbreak northward to Ituri province.""",North Kivu Province Health authority,DRC Ministry of Health,2018-07-28,2018-08-01,NA,"large luster of cases, healthcare workers falling ill","malaria misdiagnosis, lack of infrastructure, violence, community mistrust and resistance",No,NA,NA,1600,1069,67,NA,NA
E,2025-08-07,Zaire_Kinganda_Lusamaki,"(Kingada-Lusamaki et al., 2024)","(Kingada-Lusamaki et al., 2024)",Journal Article,English,EZ_DRC_2020,Zaire ebolavirus (EBOV),2020,2020,Democratic Republic of the Congo,Equateur Province,Mbandaka,No,NA,"large cluster of cases reported, not a single case",NA,NA,NA,NA,NA,identified through epi investigations,"""The earliest
identified probable case in this outbreak was a woman aged
37 years (who was a housewife) residing in the Mbandaka
health zonewho frequently consumedwild batmeat but had
no contact with sick individuals, did not attend any funerals,
and did not visit health centres in the period before her
symptoms onset, suggesting that the outbreak probably
started as a result of zoonotic spillover.""""""""",NA,eating bat meat,"highly likely, new virus variant","frequent consumption of bat meat, increased risk of viral spillover from mulitple exposures",NA,NA,NA,Yes,4 healthcare workers fell ill,NA,DRC Ministry of Health,NA,2020-06-01,NA,large clusters of cases,"""During the
2020 Équateur outbreak, it took on average 6 days to isolate
EVD cases from the community (either into an ETU or
following death) and individuals with EVD visited multiple
health-care facilities after the onset of symptoms (in some
cases, up to four facilities).""",No,NA,NA,130,55,42,NA,"""In addition, conducting
multidisciplinary investigation in a One Health approach
during future outbreaks might generate more consistent
data for prevention and response."""
E,2025-08-07,Zaire_Lusamaki,"(Lusamaki et al., 2021)","(Lusamaki et al., 2021)",Journal Article,English,EZ_DRC_2021,Zaire ebolavirus (EBOV),2021,2021,Democratic Republic of the Congo,NA,NA,NA,NA,NA,NA,NA,NA,NA,NA,NA,NA,NA,NA,NA,NA,NA,NA,NA,NA,NA,NA,NA,NA,NA,NA,NA,NA,NA,NA,NA,NA,NA,NA,NA,NA
E,2025-08-07,Zaire_TAB,"(ECDC, 2021)","(ECDC, 2021)",TAB,Enlgish,EZ_DRC_2021,Zaire ebolavirus (EBOV),2021,2021,Democratic Republic of the Congo,North Kivu,Katwa and Mangurudjipta,Yes,NA,first to present at hospital,EVD-like symptoms,NA,Biena health zone (two healthcare facilities). Hopsital in Katwa health zone ICU,likley same as index,NA,NA,NA,NA,NA,No,"not a spillover, holdover from previous outbreak",healthcare in Biena health zone,2021-01-25,NA,Yes,healthcare worker,NA,Ministry of Health of the DRC,NA,2021-01-25,NA,"suspected EVD cases, related to survivor",NA,NA,NA,NA,4,2,50,NA,NA
E,2025-08-07,Zaire_WHO,"(WHO, 2021)","(WHO, 2021)",DON,English,EZ_DRC_2021_2,Zaire ebolavirus (EBOV),2021,2021,Democratic Republic of the Congo,North Kivu,Beni Health Zone,Yes,NA,first to present at hospital,"physical weakness, loss of apetite, abdominal pain, breathing difficulty, dark stool, blood in vomit",NA,Butsili Health Area facility,"""This follows a cluster of three deaths (two children and their father) who were neighbours of the case. These three patients died on 14, 19 and 29 September after developing symptoms consistent with Ebola, however, none were tested for the virus. 
""",NA,NA,NA,NA,NA,NA,NA,NA,NA,NA,Yes,healthcare worker,Butsili Health Area facility,Ministry of Health of the DRC,2025-08-10,2021-10-08,NA,NA,NA,Yes,"""The MoH activated the national and district emergency management committees to coordinate the response.""",NA,8,4,50,NA,NA
E,2025-08-07,Zaire_Al-Tammemi,"Al-Tammemi et al., 2022)","Al-Tammemi et al., 2022)",Journal Article,English,EZ_DRC_2022_2,Zaire ebolavirus (EBOV),2022,2022,Democratic Republic of the Congo,North Kivu,NA,Yes,NA,first to present at hospital,non-specific flu like symptoms,NA,NA,NA,NA,NA,NA,NA,NA,NA,NA,NA,NA,NA,NA,NA,NA,Ministry of Health of the DRC,2022-08-16,2022-08-22,NA,NA,NA,NA,NA,NA,1,1,100,NA,NA
E,2025-08-07,Zaire_Sospeter,"(Sospeter et al., 2023)","(Sospeter et al., 2023)",Journal Article,English,EZ_DRC_2022_2,Zaire ebolavirus (EBOV),2022,2022,Democratic Republic of the Congo,NA,Beni Health Zone,NA,NA,first to present at hospital,non-specific flu like symptoms,NA,Beni Referral Hospital,NA,NA,NA,NA,NA,NA,No,"not a spillover, holdover from previous outbreak",NA,NA,NA,No,NA,Beni Referral Hospital,Ministry of Health of the DRC,NA,2022-08-21,1,NA,NA,NA,NA,NA,1,1,100,NA,NA
E,2025-08-07,Zaire_WHOAFR,"(WHOAFR, 2022)","(WHOAFR, 2022)",AFR DON,English,EZ_DRC_2022_2,Zaire ebolavirus (EBOV),2022,2022,Democratic Republic of the Congo,North Kivu,Beni Health Zone,Yes,NA,first to present at hospital,non-specific flu like symptoms,unkown,NA,Unkown,NA,NA,NA,NA,NA,NA,NA,No,NA,NA,No,No,Beni Referral Hospital,Ministry of Health,NA,2022-08-22,NA,NA,source details limited,Yes,"contact identification in place, previous outbreak capacity",exposure history not described,1,1,100,NA,NA
E,2025-08-07,Zaire_WHO,"(WHO, 2022)","(WHO, 2022)",DON,English,EZ_DRC_2022,Zaire ebolavirus (EBOV),2022,2022,Democratic Republic of the Congo,North Kivu,Mbandaka,Yes,NA,first to present at hospital,fever and headache,NA,General Referall Hospital in Wangata,NA,NA,NA,NA,NA,NA,Yes,"""Full genome sequencing was performed at the INRB in Kinshasa and results indicate that this outbreak represents a new spill-over from the animal population""",facility in Mbandaka,2022-04-06,"malaria, unknown bacterial infection",NA,NA,General Referall Hospital in Wangata,Ministry of Health of the DRC,2022-04-06,2022-04-23,1,haemorrhagic fever symptoms eventually at referal hospital,"misdiagnosis as malaria, poor IPC practices",NA,NA,"late recongition., allowing spread to healthcare workers",2,2,100,NA,NA
E,2025-08-08,Zaire_Amblard,"(Amblard et al., 1994)","(Amblard et al., 1994)",Journal Article,English,EZ_Ga_1994,Zaire ebolavirus (EBOV),1994,1995,Gabon,NA,Minkebe,"Multiple cases, clusters",NA,NA,NA,NA,NA,NA,NA,NA,NA,NA,NA,NA,NA,NA,NA,NA,NA,NA,Ministry of Health team,Ministry of Health of the DRC,NA,NA,1,unexplained death clusters in two gold-mining camps,"locations are only accessible via canoe, proven confounding co-circulation with yellow fever outbreak",NA,NA,Ebola not suspected,44,28,64,NA,NA
E,2025-08-08,Zaire_Georges,"(Georges et al., 1999)","(Georges et al., 1999)",Journal Article,English,EZ_Ga_1994,Zaire ebolavirus (EBOV),1994,1995,Gabon,NA,Makokou area,"Multiple cases, clusters",NA,NA,NA,NA,NA,NA,NA,NA,NA,NA,NA,NA,NA,NA,NA,NA,NA,NA,Ministry of Health team,Gambonesse Ministry of Public Health Centre,NA,NA,1,"unexplained death clusters in two gold-mining camps, then subsequently nearby towns",co-circulation with yellow fever made diagnosis difficult,NA,NA,NA,49,NA,NA,NA,"""we were informed that deaths
had occurred in the local population of great apes (chimpan-
zees, Pan p. troglodytes, and gorillas, Gorilla g. gorilla)."""
E,2025-08-08,Zaire_WER,"(WER, 1997)","(WER, 1997)",WER,English and French,EZ_Ga_1996_2,Zaire ebolavirus (EBOV),1996,1996,Gabon,ogooue-Ivindo,Booue,No,NA,NA,NA,NA,NA,NA,NA,post-hoc epi analysis,39 year-old hunter in a logging camp,NA,NA,NA,NA,NA,NA,NA,NA,NA,NA,NA,NA,NA,NA,NA,NA,NA,NA,NA,54,41,76,NA,NA
#,2025-08-08,Zaire_CDR,"(CDR, 1996)","(CDR, 1996)",CDR,English,EZ_Ga_1996,Zaire ebolavirus (EBOV),1996,1996,Gabon,Ogooué-Ivindo,Mayibout 2,"Multiple cases, clusters",NA,Multiple early primary human cases linked to chimpanzee exposure; exact single index not clear,NA,Fever; headache; bloody diarrhoea,retrospective epi,NA,NA,NA,NA,NA,NA,Yes,consuption/butchering of chimpanzee,Makokou General Hospital,NA,NA,No,NA,local recognition? Unclear chain of events,NA,NA,NA,NA,case clusters,NA,Unkown,NA,NA,37,21,57,NA,NA
E,2025-08-08,Zaire_WER,"(WER, 1996)","(WER, 1996)",WER,English and French,EZ_Ga_1996,Zaire ebolavirus (EBOV),1996,1996,Gabon,Ogooyu-Ivindo,Mayibout II,NA,NA,NA,NA,NA,NA,NA,NA,NA,NA,NA,NA,Yes,consumption of dead chimpanzee meat,NA,NA,NA,No,NA,NA,NA,NA,NA,NA,clusters of cases,NA,NA,NA,NA,37,21,56.8,NA,"""linked to the butchering, transport and
preparation for consumption of a chimpanzee found dead
in the forest on 24 January 1996."""
E,2025-08-08,Zaire_Georges,"(Georges et al., 1999)","(Georges et al., 1999)",Journal Article,English,EZ_Ga_1996,Zaire ebolavirus (EBOV),1996,1997,Gabon,NA,Mayibout II,"""Eighteen people who had skinned and chopped a chimpanzee
cadaver that they found became ill (fever, headache, bloody
diarrhea""",NA,NA,NA,NA,Makoikou General Hospital,NA,NA,NA,NA,NA,NA,NA,chimpanzee consumption,Makoikou General Hospital,NA,NA,No,NA,Makoikou General Hospital,NA,NA,NA,1,cluster of cases,"""evacuated from Mayibout 2 to Makokou
on the decision of the village chief, despite governmental in-
structions to the contr""",NA,NA,NA,NA,NA,NA,NA,NA
E,2025-08-08,Zaire_Georges,"(Georges et al., 1999)","(Georges et al., 1999)",Journal Article,English,EZ_Ga_1996_2,Zaire ebolavirus (EBOV),1996,1997,Gabon,NA,Booue,No,NA,NA,NA,NA,NA,Yes,NA,post-hoc epi analysis,"39 year old man, hunter in in a logging camp near Booue",indicative of VHF,NA,NA,NA,NA,NA,NA,NA,NA,NA,NA,NA,1996-10-05,NA,NA,"evasion of healthcare, tradtional healthers saught",NA,NA,NA,60,45,75,NA,""" the be-
ginning of August 1996, information was obtained that several
chimpanzees may have died in the sam"""
E,2025-08-08,Zaire_Leroy,"(Leroy et al., 2002)","(Leroy et al., 2002)",Journal Article,English,EZ_Ga_2001,Zaire ebolavirus (EBOV),2001,2002,Gabon,NA,Mekambo,Yes,NA,first to present at hospital,"high fever, asthenia, arthralgia, diarrhoea, vomiting",NA,Mekambo Hospital,NA,NA,NA,NA,NA,NA,Likely,dead animals found in forest,Mekambo Hospital,2001-11-16,Ebola,NA,NA,NA,NA,NA,NA,NA,NA,NA,NA,NA,NA,NA,NA,NA,NA,"""Dead great apes (about 20 gorillas and
four chimpanzees) have also been
found by hunters near Medemba and
neighbouring villages"""
E,2025-08-08,Zaire_WER,"(WER, 2003)","(WER, 2003)",WER,English and French,EZ_Ga_2001,Zaire ebolavirus (EBOV),2001,2002,Gabon,Ogooue-Ivindo,Mekambo,Yes,NA,NA,NA,"unknown, likely animal",Mekambo Hospital,NA,NA,NA,NA,NA,NA,very likely,"many dead animals found in the forest, virus in gorillas",Mekambo Hospital,NA,Ebola,No,NA,"""medical personnel at Mekambo Medical Cente""",regional health athourities,2001-11-17,2001-12-11,NA,cluster of five deaths,"lack of cooperation, logistic difficulties of remote areas, high turnover of health worker teams",NA,NA,NA,65,53,81,NA,"""An unusually high number of animals found dead in the rainforest of the same district, mainly non-human primates (gorillas, chimpanzeees, monkeys) were also reported to the authorities by villagers and nature conservancy organizations."" Two gorillas found positive for Ebola"
E,2025-08-08,Zaire_Nkoghe,"(Nkoghe et al., 2005)","(Nkoghe et al., 2005)",Journal Article,French,EZ_Ga_2001,Zaire ebolavirus (EBOV),2001,2002,Gabon,Ogooyu-Ivindo,NA,Yes,NA,first to present at the hospital,NA,NA,NA,NA,NA,NA,NA,NA,NA,Likely,dead animals found in forest,NA,NA,Ebola,NA,NA,NA,NA,NA,NA,NA,"""Four distinct primary foci have been identified together with an isolated case situated in the South East of Gabon, 580 km away from the epicenter.""",NA,NA,NA,NA,65,53,81,NA,"""Unexplained deaths of animals had been mentionned in the nearby forests as soon as August 2001: great primates and cephalophus. Samples taken from their carcasses confirmed a concomitant animal epidemic."""
E,2025-08-08,Zaire_Keita,"(Keita, 2021)","(Keita, 2021)",Journal Article,English,EZ_Gu_2021,Zaire ebolavirus (EBOV),2021,2021,Guinea,NA,Goueke,Yes,NA,"first to present at hospital, cluster of deaths","headache, asthenia, nausea, anorexia, vertigo and abdominal pain",occupational,Goeke hospital,NA,NA,NA,NA,NA,NA,No,"""strong evidence of
a direct link to human cases from the 2013-2016 outbreak rather than
a new spillover from an animal reservoir""",Goeke hospital,2021-01-21,malaria and salmonellosis,No,NA,national epidemic alert system,NA,2021-02-11,2021-02-14,0,clusteer of deaths,"unknown transmission chain, expsoure etc. made difficult to track",NA,NA,NA,16,5,31,NA,NA
E,2025-08-08,Zaire_Keita,"(Keita, 2023)","(Keita, 2023)",Journal Article,English,EZ_Gu_2021,Zaire ebolavirus (EBOV),2021,2021,Guinea,NA,N'zerekore,NA,NA,NA,NA,NA,NA,NA,NA,NA,NA,NA,NA,NA,NA,NA,2021-01-15,NA,NA,NA,national epidemic alert system,NA,NA,NA,NA,NA,NA,NA,NA,NA,16,5,31,NA,NA
E,2025-08-08,Zaire_WER,"(WER, 2003)","(WER, 2003)",Journal Article,English,EZ_RoC_2003,Zaire ebolavirus (EBOV),2003,2003,Republic of the Congo,NA,Kelle and Mbomo,Yes,NA,"cluster of deaths, healthcare facility","high fever, bloody diarrhoea, and
vomiting",NA,Kelle health center,Yes,NA,post-hoc epi analysis,"""probably
infected during a hunt near Yembelangoye village on 21
December 2002, and the last index case was infected near
Mvoula camp on 1 January 2003. The index cases had previously been in contact with non-human primates (gorillas)
and other mammals (forest antelopes), either killed or found
dead, before the emergence of the human disease.""",NA,NA,Yes,"""Epidemiological evidence was found
of at least three independent introductions of Ebola virus into
human communities during this epidemic, all of them related
to a hunting episode.""",Kelle health center,NA,Ebola virus haemorrhagic fever,Yes,"""Three health care workers were infected... however, hospital transmission did not play an
important role in the amplification of the epidemic.""",medical staff of Kelle health center,Ministry of Health and Population and regional health athorities,2003-01-28,2003-02-19,1,cluster of 10 deaths,lack of trust from previous outbreak's handling,Yes,previous knowledge from the prior outbreak aided in spotting the disease,NA,143,128,89,NA,"""In early December 2002, villagers and
nongovernmental wildlife organizations reported having found a large number of dead
animals, particularly non-human primates
(gorillas and chimpanzees) and forest duikers (Cephalophus sp.) in forests in the districts of Kéllé and Mbomo, Republic of the
Congo"""
E,2025-08-08,Zaire_Formenty,"(Formenty, 2003)","(Formenty, 2003)",Journal Article,French,EZ_RoC_2003,Zaire ebolavirus (EBOV),2003,2003,Republic of the Congo,Cuvette Ouest County,Kelle and Mbomo,family,NA,cluster,NA,NA,NA,NA,NA,Epi analysis,"""Epidemiological data traced introduction of Ebola virus into the population to three primary cases mainly involving hunters.""",NA,NA,"hunting, butchering, consumtion","""In all three cases development of the disease followed contact with non-human primates (gorillas) and other mammals (antelope) that had either been killed or found dead.""",NA,NA,Ebola virus haemorrhagic fever,Yes,"""Three health care workers were infected during the epidemic but nosocomial transmission played a minor role in the epidemic.""",NA,Ministry of Health,NA,NA,NA,cluster of deaths,NA,NA,NA,NA,143,129,89,NA,NA
E,2025-08-08,Zaire_Nkoghe,"(Nkoghe et al., 2011)","(Nkoghe et al., 2011)",Journal Article,English,EZ_RoC_2005,Zaire ebolavirus (EBOV),2005,2005,Republic of the Congo,Cuvette Ouest County,Etoumbi,Yes,NA,cluster,NA,hunting,Etoumbi medical center,Yes,NA,post-hoc epi analysis,NA,NA,hunting,Yes,"all hunters died, hunting small game",Etoumbi medical center,2005-04-25,Ebola,No,N/S,Etoumbi medical centre,Ministry of Health,2005-04-26,2005-05-08,1,clusteer of deaths,"""A degree of resistance to control measures was encountered among the population, some of whom did not accept the outbreak theory, refused isolation and blood sampling, or preferred to believe traditional healers who claimed to have cast a spell on the 'dishonest hunters'""",Yes,"""prompt reaction of villagers and HCW, who had previous experience of Ebola outbreaks, probably contributed to limiting the outbreak by reducing physical contact between villagers""",NA,12,10,83,NA,NA
E,2025-10-08,Zaire_Baize,"(Baize et al., 2014)","(Baize et al., 2014)",Journal Article,English,EZ_GuLSI_2013,Zaire ebolavirus (EBOV),2013,2016,Guinea,"Gueckedou, Macenta",Meliandou,No,NA,NA,NA,NA,NA,Yes,NA,post-hoc epi analysis,"2 year old child, died Dec 6, 2013 two days after falling ill",NA,NA,NA,NA,NA,NA,NA,Yes,some of first reported deaths were healthcare workers,"hospitals and public health services, Gueckedou and Macenta",Ministry of Health of Guinea,2014-03-10,NA,1,clusters of mysterious disease wiith a high fatality rate,"unprepared healthcare staff, outbreak went completely undeteted for nearly 4 months",NA,NA,"rural settings, unable to get reports for contact tracing and death tracking, hospitals not equipped to diagnose",111,79,71,NA,NA
E,2025-10-08,Zaire_WHO,"(WHO, 2015)","(WHO, 2015)",Journal Article,English,EZ_GuLSI_2013,Zaire ebolavirus (EBOV),2013,2016,Guinea,"Gueckedou, Macenta",Meliandou,No,NA,NA,NA,NA,NA,via retrospective epi,NA,retrospecitive primary case,18-month old by,"fever, black stools, vomiting",likely wild animals,Likely,NA,Gueckedou district health centers,NA,"cholera, then Lassa fever",Yes,"many healthworkers ill, tipped off the outbreak investigation",head of Meliandou health post,Ministry of Health of Guinea,2014-03-10,2014-03-22,2,"clusters of mysterious disease wiith a high fatality rate, healthcare workers ill",NA,NA,NA,NA,NA,NA,NA,NA,NA
E,2025-10-08,Zaire_Gatherer,"(Gatherer, 2014)","(Gatherer, 2014)",Journal Article,English,EZ_GuLSI_2013,Zaire ebolavirus (EBOV),2013,2016,Guinea,Guinee Forestiere,NA,No,NA,NA,NA,NA,NA,NA,NA,NA,NA,NA,NA,NA,NA,NA,NA,NA,NA,NA,NA,NA,NA,NA,NA,NA,NA,NA,NA,NA,NA,NA,NA,NA,NA
E,2025-10-08,Zaire_Mari-Saez,"(Mari-Saez et al., 2015)","(Mari-Saez et al., 2015)",Journal Article,English,EZ_GuLSI_2013,Zaire ebolavirus (EBOV),2013,2016,Guinea,"Gueckedou, Macenta",Meliandou,No,NA,NA,NA,NA,NA,via retrospective epi,NA,retrospecitive primary case,2 year old boy,NA,very likely bat spilover,very likely,children were known to play with bats in a hollow tree very near his home. Child likely had direct contact with bats,NA,NA,NA,NA,NA,NA,NA,NA,NA,NA,NA,poor public health infrastructure,NA,NA,NA,NA,NA,NA,NA,bat spillover likely from genetic analaysis and epi surveys
M,2025-07-20,Marburg_MMWR,"(MMWR, 2004)","(MMWR, 2004)",MMWR,English,M_A_2004,Marburg virus (MARV),2004,2005,Angola,Uige,NA,NA,NA,NA,NA,NA,NA,NA,NA,NA,NA,NA,NA,NA,NA,NA,NA,NA,Yes,NA,NA,NA,NA,2005-03-23,NA,NA,NA,NA,NA,NA,124,117,94,NA,"""The environmental reservoir of the virus is unknown."""
M,2025-07-20,Marburg_CDC,"(CDC, 2005)","(CDC, 2005)",CDC Brief,English,M_A_2004,Marbrug,2004,2005,Angola,Uige,NA,NA,NA,NA,NA,NA,NA,NA,NA,NA,NA,NA,NA,NA,NA,NA,NA,NA,Uige,NA,NA,Ministry of Health,NA,NA,NA,NA,NA,NA,NA,NA,124,117,NA,NA,NA
M,2025-07-20,Marburg_Fortes,"(Fortes et al., 2007)","(Fortes et al., 2007)",Journal Article,English,M_A_2004,Marburg virus (MARV),2004,2005,Angola,Uige,NA,NA,NA,NA,NA,NA,NA,NA,NA,NA,NA,NA,NA,NA,NA,NA,NA,"unkown, but ""Uige province is endemic for several diseases such as malaria,
sleeping sickness, schistosomosis, whose clinical signs may be
misleading"" and many patients are plasmodium positive on screening","""Uige provincial hospital may have worked,
in an initial phase, as the main site for the epidemics dissemination
through nosocomial infection, in the Pediatrics Unit""","to healthcare staff and from patient to patient, especially in pediatric wards",Uige provincial hospital,Ministry of Health,NA,NA,1,"number of febrile disease with fatal haemorrhage increased, especially more children started dying","""The absence of a
system that ensured epidemiological surveillance did not allow an
adequate notification that could have permitted a faster intervention
by central health authorities.""",Basically non-existant,NA,"""Strategic factors such as initial lack of organization, absence of
proper epidemiological research and surveillance and lack of
adequate dissemination of information.""",232,227,90,NA,NA
M,2025-07-20,Marburg_WER,"(Viral Haemorrhagic Fever/Marburg, Democratic Republic of the Congo., 1999)","(Viral Haemorrhagic Fever/Marburg, Democratic Republic of the Congo., 1999)",WER,English,M_DRC_1998,Marburg virus (MARV),1998,2000,Democratic Republic of the Congo,Haut-Ulele District,NA,Yes,NA,first confirmed case,NA,likely nosicomial,hospital,NA,NA,NA,NA,NA,NA,NA,NA,NA,NA,NA,Yes,NA,NA,NA,NA,NA,NA,people dying of unknown VHF,NA,"in poor repair, in need of being reinforced",NA,NA,"unknown, but greater than 72","unknown, but greater than 60","""exact number of deaths due to the VHF has not been established…""",NA,"""unusual deaths amoung young men, the majority of whom were involved in mining activites in Durba."" conditions in the mines were stated to be very poor, with the miners coming inot contact with bat feces and bats who roost in the mines"
M,2025-07-20,Marburg_Bausch,"(Bausch et al., 2003)","(Bausch et al., 2003)",Journal Article,English,M_DRC_1998,Marburg virus (MARV),1998,2000,Democratic Republic of the Congo,Haut-Ulele District,Durba,NA,NA,NA,NA,NA,NA,NA,NA,NA,NA,NA,NA,NA,NA,NA,NA,NA,NA,NA,NA,NA,NA,NA,NA,NA,NA,NA,NA,NA,NA,NA,NA,NA,"""male miners without obvious evidence for person-to-person transmission suggests that the local mines are a site of primary infection with Marburg virus, most likely through exposure to the primary zoonotic reservoir."""
M,2025-07-20,Marburg_WHO,"(WHO, 2021)","(WHO, 2021)",DON,English,M_G_2021,Marburg virus (MARV),2021,2021,Guinea,Guéckédou Prefecture; Nzérékoré Region,Temessadou Mboket,Yes,2021-03-08,post-mortem oral swab RT-PCR positive,Fever; headache; fatigue; abdominal pain; gingival hemorrhage,NA,sub-prefecture public health care facility,NA,NA,NA,NA,NA,NA,NA,NA,NA,2021-01-08,NA,No,NA,Sub-prefecture public health care facility,department of health in Guéckédou,2021-02-08,NA,NA,NA,Early clinical diagnosis difficult due to overlap with malaria,NA,NA,NA,1,1,100,NA,NA
M,2025-07-20,Marburg_Makenov,"(Makenov et al., 2022)","(Makenov et al., 2022)",Journal Article,English,M_G_2021,Marburg virus (MARV),2021,2021,Guinea,Guéckédou Prefecture; Nzérékoré Region,Temessadou M'bokét,Yes,NA,first to present at hospital,Signs and symptoms of hemorrhagic fever,NA,local hospital,NA,NA,NA,NA,NA,NA,NA,MARV-positive Egyptian rousette bats found in Guinea; closest positive colony in Legon Tyo cave 4.5 km from village; authors propose direct bat contact outside cave or indirect exposure through contaminated fruit / ill primate,NA,NA,NA,No,NA,NA,NA,NA,NA,NA,NA,exposure history unavailable,NA,NA,NA,1,1,100,NA,Study focuses on zoonotic origin rather than clinical outbreak investigation
M,2025-07-20,Marburg_Harris,"(Harris, 2023)","(Harris, 2023)",Journal Article,English,M_EG_2023,Marburg virus (MARV),2023,2023,Equatorial Guinea,NA,NA,Yes,2023-02-08,first confirmed case,"""fever, vomiting, and bloody diarrhea""",NA,NA,NA,NA,NA,NA,NA,NA,NA,NA,NA,NA,NA,NA,NA,NA,NA,NA,2023-02-08,NA,NA,NA,NA,NA,NA,NA,NA,NA,NA,NA
M,2025-07-20,Marburg_Ngai,"(Ngai, et al., 2023)","(Ngai, et al., 2023)",Journal Article,English,M_EG_2023,Marburg virus (MARV),2023,2023,Equatorial Guinea,NA,NA,No,NA,NA,NA,NA,NA,NA,NA,NA,NA,NA,NA,NA,NA,Durba hospital,NA,NA,Yes,to healthcare workers and a traditional healer,NA,Ministry of Health and Social Welfare of Equatorial Guinea (MINSABS),2023-02-07,2023-02-08,NA,"""notified about a cluster of deaths with suspected hemorrhagic fever in 2 villages in Nsok Nsomo District, Kié-Ntem Province, on the border with Cameroon and Gabon""","""Case-patients often were positive for malaria at the time of MVD diagnosis; the high malaria prevalence and diversity of malaria species in Equatorial Guinea underscores the need to enhance malaria treatment during MVD outbreaks to avoid unnecessary confusion with MVD.""",NA,NA,"""Weak existing disease surveillance and data management systems precluded further epidemiologic analyses to inform response activities.""","16 lab, 23 probable","12 lab, 35 probable",75-90%,NA,"""no case-patients reported exposures to bats or visits to mines"", ""a One Health approach to strengthening surveillance systems to understand the history of this outbreak and to prevent and prepare for future spillover events"""
M,2025-07-20,Marburg_Sibomana,"(Sibomana et al., 2023)","(Sibomana et al., 2023)",Journal Article,English,M_EG_2023,Marburg virus (MARV),2023,2023,Equatorial Guinea,"Kie-Ntem, Rio Muni Region",Nsock Nsomo,No,NA,NA,"""ever that preceded weakness, vomiting, and blood-stained diarrhea. In two cases, skin lesions and otorrhagia""",NA,NA,NA,NA,NA,NA,NA,NA,NA,NA,NA,NA,NA,NA,NA,NA,NA,NA,NA,NA,NA,"""Instead of prioritizing primary healthcare access and quality, health funding has a history of being concentrated on big-scale capital projects in the field, including huge hospitals in urban areas, and according to 2017 data, there are just four doctors per 10,000 people in Equatorial Guin""",NA,NA,NA,NA,NA,NA,NA,NA
M,2025-07-20,Marburg_Naeem,"(Naeem et al., 2023)","(Naeem et al., 2023)",Journal Article,English,M_Gh_2022,Marburg virus (MARV),2021,2022,Ghana,Ashanti,NA,Yes,NA,first to arrive at hospital,"""BothconÔ ̈Årmed cases had fever, nausea, vomiting, and diarrhea, andwere treated in the same hospital""",NA,NA,NA,NA,NA,NA,NA,NA,NA,NA,NA,NA,NA,NA,NA,NA,NA,NA,NA,NA,NA,"""disease surveillance inGhana is not so robust, and many healthcare centers are alreadyoverwhelmed, leading to poor response to MVD""",NA,NA,difficulties in differentially diagnosing illness in populations which live close to forests.,NA,NA,NA,NA,NA
M,2025-07-22,Marburg_WHO,WHO,WHO,Web Page,English,M_Gh_2022,Marburg virus (MARV),2022,2022,Ghana,Ashanti,NA,Yes,NA,first to present at hospital,"""bleeding from nose and mouth""",NA,by hospital,NA,NA,NA,NA,NA,NA,NA,NA,NA,NA,NA,No,NA,hospital,Ministry of Health,2022-07-01,2022-07-07,NA,NA,NA,Yes,"""An integrated disease surveillance and response (IDSR) system was in place and reported alerts were tested.""",NA,NA,NA,NA,NA,NA
M,2025-07-22,Marburg_MMWR,MMWR,MMWR,Journal Article,English,M_K_1980,Marburg virus (MARV),1980,1981,Kenya,NA,Nairobi,Yes,NA,first to present at hospital,"""haemorrhaging from the gastrointestinal tract and from needle puncture wounds"" hisotry of progressive fever and backache",NA,Nairobi Hopsital,NA,NA,NA,NA,NA,NA,NA,NA,Western Kenya hospital,NA,NA,Yes,attending physician and nurse,Nairobi Hospital,NA,NA,NA,1,attending physician became ill following interaction with the patient,NA,NA,NA,NA,NA,NA,NA,NA,NA
M,2025-07-23,Marburg_Smith,"(Smith et al., 1982)","(Smith et al., 1982)",Journal Article,English,M_K_1980,Marburg virus (MARV),1980,1980,Kenya,Western Province,Nzonia. Nairobi,Yes,1980-02-10,first to present at hospital,"sudden febrile illness, headache, myalgia, malaise, diarrhoea, vomiting","unknown, potentially from sugar cane work? Visited and entered Elgon caves in Mount Elgan national park, which have large bat colonies 15 days before he became ill",Nairobi Hopsital,"the index case is likely the primary case, though this cannot be definitively proven",NA,NA,NA,NA,NA,NA,NA,"private hospital in Kismu, transferred to Naiorbi on Jan 15",1980-01-12,NA,Yes,"attending physician, but none beyond this",Nairobi Hospital,Ministry of Health,1980-02-10,1980-02-10,NA,"doctor became ill with febrile disease nine days after attempting to resuscitate patient, similar symptoms to patient but they could not determine cause ""Identification of the first outbreak of MVD in Kenya
resulted from the investigation of an unexplained febrile
illness in a doctor working in a Nairobi hospital. ""","""The differential diagnosis of viral haemorrhagic fevers may
present problems."" ""In patient 2 the differential
diagnosis had originally included malaria and typhoid""",Yes,"""Identification of the primary case and subsequent confirmation were made possible by the excellent record-keeping system in the hospital and because necropsy was routinely carried out on patients whose deaths were unexplained.""",no routine/active surveillance system in place,2,1,50,NA,"""The area is close
to the Lake Kyoga area of Uganda, where monkeys
incriminated in the original European outbreaks were
collected."""
M,2025-07-24,Marburg_Johnson,"(Johnson et al., 1996)","(Johnson et al., 1996)",Journal Article,English,M_K_1987,Marburg virus (MARV),1987,1987,Kenya,NA,Nairobi,NA,NA,NA,NA,NA,NA,NA,NA,NA,NA,NA,NA,NA,NA,NA,NA,NA,NA,NA,Viru s Research Centre at the Kenya Medical Research Institute,NA,NA,NA,NA,NA,NA,NA,NA,NA,NA,NA,NA,NA,NA
M,2025-07-24,Marburg_MMWR,"(Marburg Haemorrhagic Fever - Fact Sheet.,"" 2005)","(Marburg Haemorrhagic Fever - Fact Sheet.,"" 2005)",NA,English,M_K_1987,Marburg virus (MARV),1987,1987,"All we know: ""On 13 August 1987, a 15-year old Danish male,
who had been in Kenya for 1 month, was admitted to hospital
with a 3-day history of headache, malaise, fever and
vomiting. Nine days prior to symptom onset, he had visited
Kitum Cave in Mount Elgon National Park. Despite aggressive supportive therapy, the patient died on the 11th day of
illness. No further cases were detected.""",NA,Nairobi,NA,NA,NA,NA,NA,NA,NA,NA,NA,NA,NA,NA,NA,NA,NA,NA,NA,NA,NA,NA,NA,NA,NA,NA,NA,NA,NA,NA,NA,NA,NA,NA,NA,NA
M,2025-07-24,Marburg_Nakkazi,"(Nakkazi, 2025)","(Nakkazi, 2025)",Journal Article,English,M_R_2024,Marburg virus (MARV),2024,2024,Rwanda,NA,NA,Yes,NA,NA,NA,NA,NA,Yes,NA,NA,NA,NA,NA,Yes,"""Rwandan authorities said the outbreak originated from fruit bats""",NA,NA,NA,Yes,many ill healthcare workers,NA,NA,NA,2024-09-27,1,NA,NA,NA,NA,NA,NA,NA,22.7,NA,bats in mine
M,2025-07-24,Marburg_Grobusch,"(Grobusch et al., 2025)","(Grobusch et al., 2025)",Journal Article,English,M_R_2024,Marburg virus (MARV),2024,2024,Rwanda,NA,Kigali,Yes,NA,NA,NA,NA,NA,NA,NA,NA,NA,NA,NA,NA,NA,NA,NA,NA,Yes,"""A high proportion of health care workers were afflicted, contributing to the rapid escalation of this outbreak.""",NA,WHO,NA,2024-09-27,NA,NA,NA,Yes,"""In Rwanda, the National Epidemic Preparedness and Response Coordination Committee coordinates the outbreak response and has implemented stringent containment measures [22]. The efforts focused, and continue to do so, on early detection, strict isolation of suspected cases, and rigorous infection control practices in health care settings and infection prevention in the community.""",NA,66,15,22.7,NA,bats in mine
M,2025-07-24,Marburg_Absolomon,"(Absolomon et al., 2025)","(Absolomon et al., 2025)",Journal Article,English,M_R_2024,Marburg virus (MARV),2024,2024,Rwanda,NA,NA,NA,NA,NA,NA,NA,NA,NA,NA,NA,NA,NA,NA,NA,NA,NA,NA,NA,Yes,"""Healthcare workers were disproportionately affected, comprising over 70% of the initial cases. Factors contributing to these amplification events included performing of high-risk procedures on MVD before the recognition of the origin of the outbreak, such as cardiopulmonary resuscitation (CPR), advanced airway management (intubation), peripheral and central vascular access performed on MVD patients prior to the identification of the Marburg virus (MARV) as source of the outbreak and with insufficient use of personal protective equipment (PPE) during these initial stages of the outbreak.""",NA,NA,NA,NA,NA,NA,NA,NA,NA,"""The country would have been better equipped if international agencies had leveraged insights from prior MVD outbreaks, particularly those in neighboring regions, to enhance surveillance and response mechanisms, such as the establishment of a regional surveillance system with robust diagnostic systems and platforms to detect early and treat confirmed cases.""",NA,NA,NA,NA,NA
M,2025-07-24,Marburg_Butera,"(Butera et al., 2025)","(Butera et al., 2025)",Journal Article,English,M_R_2024,Marburg virus (MARV),2024,2024,Rwanda,NA,NA,Yes,NA,"first to present at hospital, earliest symptoms",NA,bats in mine,hospital,NA,NA,NA,NA,NA,NA,Yes,"""single zoonotic transmission event with limited human-to-human transmission rather than multiple independent zoonotic transmission events""",NA,NA,NA,Yes,extensive spread amoung healthcare staff,hospital,NA,NA,NA,1,NA,differential diagnosis difficult,NA,NA,NA,NA,NA,23,"""findings should be interpreted in the context of our limited sample. Our sample did not encompass all positive cases from the outbreak because of the rapid timeline required for an urgent response.""","""bats can harbor MARV for extended periods, with active mining areas in Rwanda providing ideal habitats for bats and increasing the likelihood of zoonotic transmission."""
M,2025-07-24,Marburg_Edward,"(Edward et al., 2023)","(Edward et al., 2023)",Journal Article,English,M_T_2023,Marburg virus (MARV),2023,2023,Tanzania,Kagera,Buboka,NA,NA,NA,NA,NA,NA,NA,NA,NA,NA,NA,NA,NA,NA,NA,NA,NA,NA,NA,NA,NA,NA,2023-03-21,NA,NA,NA,NA,NA,NA,8,5,67,NA,NA
M,2025-07-24,Marburg_Mmbaga,"(Mmbaga et al., 2024)","(Mmbaga et al., 2024)",Journal Article,English,M_T_2023,Marburg virus (MARV),2023,2023,Tanzania,Kagera,NA,Yes,NA,first to present at hospital,"headache, fever, vomiting blood, abdominal pain",potentially to bats in caves near homes and fishing areas,"None, found on epidemiological investigation",NA,NA,NA,NA,NA,NA,NA,NA,Health Centre in Maruku,2023-03-01,"malaria, disproven by rapid test",Yes,physicians at primary clinic as well as lab staff,Regional Referral Hospital in Bukoba,Ministry of Health,NA,2023-03-21,1,"cluster of similar and suspicious deaths, specifically of healthcare workers","""Our detailed findings show the low index of suspicion among healthcare workers in all the health facilities that managed the initial cases. One possible explanation for this delay could be due to initial symptoms of MVD often mimicking those of other common endemic diseases prevalent in our local area, such as malaria and typhoid fever [24].""",Yes,event-based surveillance,"clincians not trained adequately on recognizing VHFs, last VHF outbreak was RVF in 2008 so surveillance was rusty",8,5,67,NA,NA
M,2025-07-24,Marburg_Nakkazi,"(Nakkazi, 2025)","(Nakkazi, 2025)",Journal Article,English,M_T_2025,Marburg virus (MARV),2025,2025,Tanzania,Kagera,NA,NA,NA,NA,NA,NA,NA,NA,NA,NA,NA,NA,NA,NA,NA,NA,NA,NA,NA,NA,NA,Tanzanian Ministry of Health,NA,2025-01-20,NA,NA,NA,NA,NA,NA,10,10,100,NA,NA
M,2025-07-24,Marburg_Venkatesan,"(Venkatesan, 2025)","(Venkatesan, 2025)",Journal Article,English,M_T_2025,Marburg virus (MARV),2025,2025,Tanzania,Kagera,Biharamulo,Yes,2025-01-10,first to present at hospital,NA,NA,NA,NA,NA,NA,NA,NA,NA,NA,NA,NA,NA,NA,NA,NA,NA,NA,NA,2025-01-20,NA,NA,"""Early case identification and prompt reporting are crucial in limiting the spread of viral haemorrhagic fevers. A delay in confirmation can delay the implementation of key control measures, such as contact tracing, isolation, and community engagement, all of which are essential in breaking transmission chains""",NA,NA,NA,10,10,100,NA,NA
M,2025-07-24,Marburg_WHO,"(WHO, 2025)","(WHO, 2025)",DON,English,M_T_2025,Marburg virus (MARV),2025,2025,Tanzania,Kagera,Biharamulo,Yes,NA,First identified case in the outbreak; adult female; likely retrospectively identified among confirmed / probable cluster,NA,NA,NA,NA,NA,NA,NA,NA,NA,Unkown,NA,NA,NA,NA,NA,NA,NA,NA,NA,NA,NA,NA,NA,Unkown,NA,NA,10,10,100,delayed recognition,NA
M,2025-07-24,Marburg_WHO,"(WHO, 2025)","(WHO, 2025)",Web Page,English,M_T_2025,Marburg virus (MARV),2025,2025,Tanzania,Kagera,Biharamulo,Yes,NA,first identified case,NA,NA,NA,NA,NA,NA,NA,NA,NA,NA,NA,NA,NA,NA,NA,NA,NA,NA,NA,NA,NA,NA,NA,NA,NA,NA,10,10,100,NA,NA
M,2025-07-28,Marburg_Adjemian,"(Adjemian et al., 2011)","(Adjemian et al., 2011)",Journal Article,English,M_U_2007,Marburg virus (MARV),2007,2007,Uganda,Ibanda District,NA,Yes,NA,"first to present at hospital, earliest symptoms","fever, chills, headache, arthralgia",miner working in caves,Kampala hospital,No,NA,NA,"mulitple miners, unclear if they are individual spillovers or transmssion",NA,NA,Yes,"2 separate spillover events, originating from the same mine (confimed from viral isolates from patients compared to eachother and bat isolates from the cave)",Kampala healthcare clinic,NA,NA,No,NA,hospital in Kampala,13/7/2007,NA,NA,1,hospital/phsycian detected suspected Marburg case,multiple infection events,NA,NA,lack of formatlize surveillance for symptoms in miners,4,1,25,NA,"""the risk of MHF exists as long as people
without PPE enter mines or caves inhabited by bats in areas
where MARV infection is endemic"""
M,2025-07-28,Marburg_Anonymous,Anonymous,Anonymous,Journal Article,English and French,M_U_2007,Marburg virus (MARV),2007,2007,Uganda,Kamwenge,NA,Yes,NA,first confirmed case,"fever, chills, headache, arthralgia",miner working Kitaka mine in caves known to housebat populations,hopsital In Kampala,No,NA,NA,multiple points of spillover,NA,NA,Yes,multiple primary infections,Kampala healthcare clinic,NA,NA,No,NA,hospital in Kampala,13/7/2007,NA,2007-07-30,1,physician detected case,multiple infection events,NA,NA,NA,4,1,25,NA,""" serves as a reminder that the presence of several
thousand bats living at the Kitaka mine places miners at
risk for infection."""
M,2025-07-29,Marburg_Knust,"(Knust et al., 2015)","(Knust et al., 2015)",Journal Article,English,M_U_2012,Marburg virus (MARV),2012,2012,Uganda,"Kabale, Ibanda, Kamwenge",NA,Yes,NA,NA,NA,NA,NA,NA,NA,NA,NA,NA,NA,NA,"""The zoonotic spillover event initiating the 2012 Uganda MVD outbreak was not identified, although the earliest confirmed case originated in Ibanda District, the same district housing the Kitaka mine, where the 2007 MVD epidemic occurred and where a large R. aegyptiacus population infected with Marburg virus was found""",NA,NA,NA,No,NA,Kabale hospital,16/10/2012,NA,2012-10-18,1,physician detected case,ill persons did not report to hospitals and thus were not picked up by phsyciain-based surveillance,Yes,"trainings in place, concurent Ebola outbreak nearby shold have heightened surveillance","""It was somewhat surprising in the retrospective investigation to find that case patients were identified with dates of onset tracing back to July 2012, meaning that the outbreak had gone undetected for >2 months, at a time when there was an EVD outbreak response occurring <200 km to the north, in Kibaale District [29] (Shoemaker, unpublished data). Furthermore, following the 2007 MVD outbreak in Ibanda, a district hospital had received specific training on viral hemorrhagic fever detection, control, and reporting in an attempt to improve disease detection. Clearly, identification of suspected MVD patients can be difficult, especially when the initial clinical manifestation mimics other common febrile illnesses and when hemorrhage and death is not universally observed.""",26,15,58,NA,NA
M,2025-07-29,Marburg_Nyakarahuka,"(Nyakarahuka et al., 2017)","(Nyakarahuka et al., 2017)",Journal Article,English,M_U_2014,Marbrug,2014,2014,Uganda,NA,Kampala,Yes,NA,first to present at hospital,"fever, nausea, headahce, soreness",""" The
investigation was unable to identify a conclusive source of
infection""",Mengo Hospital,No,NA,NA,NA,NA,NA,NA,NA,Mengo Hospital,2014-09-23,"malaria, suspected VHF",No,NA,Mengo hospital,Uganda Ministry of Health,NA,NA,1,physician detected case,"""These findings indicate that co-infection of viral hemorrhagic fever (VHF) and other tropical infectious diseases can
confound diagnosis and delay early detection, potentially
resulting in large outbreaks that are much harder to control,
as was seen during the 2014-2015 Ebola virus outbreak in
West Africa (12). This finding emphasizes the need for continued surveillance and awareness even when other, more
common pathogens are initially suspected.""",NA,NA,NA,1,1,100,NA,"""The full genomic sequence of this MARV isolate
(812601; Genbank accession no. KP985768) falls into a
cluster that consists mostly of MARV sequences isolated from bats."""
M,2025-07-30,Marburg_Nyakarahuka,"(Nyakarahuka et al., 2019)","(Nyakarahuka et al., 2019)",Journal Article,English,M_U_2017,Marburg virus (MARV),2017,2017,Uganda,Kween District,Tulwo village,Yes,NA,first to present at hospital,"""high fever, vomiting, diarrhoea intense fatigue, abdominal pain, muscle pain, headache, join pain, hiccups""","frequent hunter in Kaptum grazing grounds (where there are bat caves). Lived in an area close to a bat caves, frequently entered caves to look for salt for livestock, collected bat droppings for manure for his farm",Kaproron Health Centre IV,NA,NA,NA,NA,NA,NA,Likely,bat and bat guano exposure,private clinic at Cheminy Ward,2017-09-20,NA,No,NA,Kaproron Health Centre IV,Uganda Ministry of Health,2017-10-17,2017-10-19,1,"""Kween District health team after suspecting a VHF following the death of two people in one family with similar clinical symptoms""","private health clinics and traditional healing visited first, delaying care and allowing further transmission",Yes,"""The four cases of this outbreak in Kween district, which involved one cluster of closely-related
family members and did not spread to other districts within or outside Uganda. This could be
attributed to enhanced capacity of the Uganda National VHF and other MOH surveillance
structures and their capability to quickly identify, detect and respond to filovirus outbreaks""","""The high CFR seen in this outbreak might be attributed to the cases seeking healthcare
late in the course of illness, at which point supportive care is typically less effective [34]. It is
also believed that the all four initially sought treatment from traditional healers, and only later
sought care from local clinics, at which point their illness was more severe.""",4,3,75,NA,"""Initial investigations centred around the community of Kaptum grazing
grounds, Kween District, where the initial reported case resided before falling ill."" grazing land was near salt mines which housed bats"
